step,tokens,lr,grad_norm,train_L-1,n-1
1,8192,1e-05,6.250615119934082,10.922118186950684,8154
2,16384,2e-05,5.858473777770996,10.869053840637207,8154
3,24576,3e-05,5.159717082977295,10.776276588439941,8149
4,32768,4e-05,4.408245086669922,10.669571876525879,8152
5,40960,5e-05,3.787400484085083,10.554125785827637,8154
6,49152,6e-05,3.2605273723602295,10.471343994140625,8150
7,57344,7.000000000000001e-05,2.79364275932312,10.359965324401855,8153
8,65536,8e-05,2.62554931640625,10.273441314697266,8156
9,73728,9e-05,2.144949197769165,10.220640182495117,8152
10,81920,0.0001,2.125998020172119,10.13271713256836,8145
11,90112,0.00010999999999999999,1.9780662059783936,10.10401725769043,8147
12,98304,0.00012,1.8645668029785156,10.082139015197754,8152
13,106496,0.00013000000000000002,1.8741599321365356,10.035400390625,8147
14,114688,0.00014000000000000001,1.834479570388794,10.00248908996582,8155
15,122880,0.00015,1.7456254959106445,9.968008995056152,8151
16,131072,0.00016,1.8615456819534302,9.845383644104004,8147
17,139264,0.00017,1.836748480796814,9.81390380859375,8150
18,147456,0.00018,1.7207598686218262,9.792950630187988,8151
19,155648,0.00018999999999999998,1.7773268222808838,9.683635711669922,8154
20,163840,0.0002,1.6734600067138672,9.653464317321777,8154
21,172032,0.00021,1.8143908977508545,9.513652801513672,8154
22,180224,0.00021999999999999998,1.7579898834228516,9.462594985961914,8156
23,188416,0.00023,1.786407470703125,9.331547737121582,8154
24,196608,0.00024,1.6370224952697754,9.311286926269531,8154
25,204800,0.00025,1.7181092500686646,9.152183532714844,8153
26,212992,0.00026000000000000003,1.6987614631652832,9.114300727844238,8153
27,221184,0.00027,1.7741200923919678,9.042049407958984,8150
28,229376,0.00028000000000000003,2.1018452644348145,8.911874771118164,8148
29,237568,0.00029,2.653048515319824,8.871646881103516,8155
30,245760,0.0003,1.5838195085525513,8.774789810180664,8156
31,253952,0.00031,1.623512864112854,8.612809181213379,8150
32,262144,0.00032,1.5729466676712036,8.547882080078125,8154
33,270336,0.00033,1.4699846506118774,8.522579193115234,8154
34,278528,0.00034,1.5818895101547241,8.361289024353027,8154
35,286720,0.00035000000000000005,1.4458802938461304,8.247769355773926,8156
36,294912,0.00036,1.5522710084915161,8.217166900634766,8153
37,303104,0.00037,1.4250887632369995,8.107551574707031,8149
38,311296,0.00037999999999999997,1.3173378705978394,8.06072998046875,8153
39,319488,0.00039,1.3517637252807617,7.915752410888672,8155
40,327680,0.0004,1.2186414003372192,7.90737247467041,8152
41,335872,0.00041,1.0701018571853638,7.8703179359436035,8152
42,344064,0.00042,1.0629713535308838,7.812707901000977,8150
43,352256,0.00043000000000000004,1.1272653341293335,7.764072418212891,8150
44,360448,0.00043999999999999996,1.0302947759628296,7.665710926055908,8152
45,368640,0.00045,0.9813179969787598,7.6593475341796875,8152
46,376832,0.00046,0.8150163888931274,7.628142833709717,8153
47,385024,0.00047,0.871242105960846,7.44251823425293,8153
48,393216,0.00048,14.974503517150879,7.777317047119141,8153
49,401408,0.00049,0.8070265054702759,7.599300861358643,8155
50,409600,0.0005,0.9353277087211609,7.523703575134277,8153
51,417792,0.00051,0.8300912976264954,7.348399639129639,8154
52,425984,0.0005200000000000001,0.9737138748168945,7.553601264953613,8148
53,434176,0.00053,1.768534779548645,7.35789155960083,8153
54,442368,0.00054,0.8284162282943726,7.431577205657959,8153
55,450560,0.00055,1.0988311767578125,7.3305511474609375,8151
56,458752,0.0005600000000000001,0.8065515160560608,7.403896331787109,8149
57,466944,0.00057,1.8273770809173584,7.353707790374756,8154
58,475136,0.00058,1.0539661645889282,7.400778770446777,8146
59,483328,0.00059,0.9761496782302856,7.350113868713379,8153
60,491520,0.0006,1.5649653673171997,7.3636040687561035,8151
61,499712,0.00061,0.9882273077964783,7.238609313964844,8152
62,507904,0.00062,1.6442636251449585,7.36755895614624,8146
63,516096,0.00063,1.0084095001220703,7.1736016273498535,8154
64,524288,0.00064,0.8325222730636597,7.103458404541016,8153
65,532480,0.00065,1.1496022939682007,7.162683963775635,8156
66,540672,0.00066,1.5734593868255615,7.3011932373046875,8154
67,548864,0.00067,1.1963995695114136,7.128716945648193,8151
68,557056,0.00068,0.9743121862411499,7.223514556884766,8154
69,565248,0.0006900000000000001,1.4779133796691895,7.016001224517822,8153
70,573440,0.0007000000000000001,1.1686372756958008,7.120441436767578,8154
71,581632,0.0007100000000000001,1.2595189809799194,7.1388373374938965,8150
72,589824,0.00072,1.1825207471847534,6.895937442779541,8152
73,598016,0.00073,1.181850790977478,7.115074634552002,8152
74,606208,0.00074,1.0521796941757202,7.002354145050049,8151
75,614400,0.00075,1.357633113861084,7.02597188949585,8151
76,622592,0.0007599999999999999,1.5490041971206665,6.903059959411621,8148
77,630784,0.00077,1.9046834707260132,6.927981853485107,8153
78,638976,0.00078,1.7817859649658203,6.982034683227539,8149
79,647168,0.00079,1.1478610038757324,6.831451892852783,8153
80,655360,0.0008,1.6187866926193237,6.832696437835693,8155
81,663552,0.0008100000000000001,1.7453880310058594,6.781968116760254,8150
82,671744,0.00082,1.6438037157058716,6.72239875793457,8150
83,679936,0.00083,1.5129714012145996,6.782196521759033,8151
84,688128,0.00084,1.9185161590576172,6.7464728355407715,8151
85,696320,0.0008500000000000001,1.5660686492919922,6.599903106689453,8153
86,704512,0.0008600000000000001,2.481388568878174,6.618454456329346,8146
87,712704,0.0008700000000000001,1.9494940042495728,6.851084232330322,8152
88,720896,0.0008799999999999999,1.4401016235351562,6.679847717285156,8148
89,729088,0.00089,2.1627793312072754,6.679184913635254,8147
90,737280,0.0009,1.5829612016677856,6.550946235656738,8152
91,745472,0.00091,1.5743812322616577,6.577600002288818,8156
92,753664,0.00092,2.1946890354156494,6.507771015167236,8151
93,761856,0.0009299999999999999,1.9228284358978271,6.460030555725098,8150
94,770048,0.00094,1.5485700368881226,6.395818710327148,8154
95,778240,0.00095,1.891537070274353,6.391061782836914,8153
96,786432,0.00096,2.111647605895996,6.448180198669434,8151
97,794624,0.00097,2.1767163276672363,6.349039077758789,8154
98,802816,0.00098,1.8707431554794312,6.31111478805542,8151
99,811008,0.00099,3.2763748168945312,6.445738315582275,8154
100,819200,0.001,2.2188704013824463,6.014589309692383,8153
101,827392,0.001,2.158228635787964,6.08221960067749,8149
102,835584,0.0009999444846167471,2.043276786804199,6.16784143447876,8148
103,843776,0.0009997779521645793,1.7679601907730103,6.157683372497559,8149
104,851968,0.0009995004437328865,2.737759828567505,6.09686803817749,8158
105,860160,0.0009991120277927223,2.410529851913452,5.996829509735107,8152
106,868352,0.0009986128001799076,3.0971181392669678,5.928033351898193,8153
107,876544,0.000998002884071386,3.1789662837982178,5.880263328552246,8153
108,884736,0.0009972824299548308,2.206691265106201,6.000887870788574,8154
109,892928,0.000996451615591515,2.4407291412353516,6.040543556213379,8151
110,901120,0.000995510645972451,2.9007439613342285,5.800678730010986,8155
111,909312,0.000994459753267812,2.1077535152435303,5.771641731262207,8148
112,917504,0.000993299196769648,2.1637160778045654,5.881906509399414,8152
113,925696,0.00099202926282791,2.496126413345337,5.723201274871826,8153
114,933888,0.0009906502647797945,3.2011775970458984,5.674074172973633,8150
115,942080,0.0009891625428724363,2.7555248737335205,5.59755277633667,8151
116,950272,0.0009875664641789544,2.721320629119873,5.683650016784668,8153
117,958464,0.000985862422507884,2.3288798332214355,5.550034999847412,8151
118,966656,0.000984050838306009,3.371882200241089,5.442384719848633,8152
119,974848,0.0009821321585546244,3.6091718673706055,5.497433662414551,8153
120,983040,0.0009801068566592484,2.535710573196411,5.459140777587891,8152
121,991232,0.0009779754323328191,3.0196571350097656,5.293433666229248,8151
122,999424,0.0009757384114723954,3.78971791267395,5.3265767097473145,8153
123,1007616,0.0009733963460294015,2.4122695922851562,5.246218204498291,8152
124,1015808,0.0009709498138734404,3.6817262172698975,5.3511881828308105,8151
125,1024000,0.0009683994186497131,2.261582136154175,5.228141784667969,8153
126,1032192,0.000965745789630079,2.8988537788391113,5.231733322143555,8154
127,1040384,0.0009629895815577914,2.833580493927002,5.101069927215576,8152
128,1048576,0.0009601314744859503,3.8576722145080566,5.060060501098633,8154
129,1056768,0.0009571721736097088,3.1434292793273926,4.8990864753723145,8152
130,1064960,0.000954112409092277,5.437358856201172,5.066430568695068,8151
131,1073152,0.0009509529358847655,3.3120288848876953,4.894387722015381,8156
132,1081344,0.0009476945335399121,2.6362481117248535,4.824216365814209,8155
133,1089536,0.0009443380060197386,3.128736972808838,4.967110633850098,8153
134,1097728,0.0009408841814971861,2.7344374656677246,4.785380840301514,8154
135,1105920,0.0009373339121517746,3.025221347808838,4.667286396026611,8155
136,1114112,0.0009336880739593415,3.9720277786254883,4.829871654510498,8149
137,1122304,0.0009299475664759069,5.138279438018799,4.705214977264404,8156
138,1130496,0.0009261133126157217,3.447930097579956,4.628661155700684,8149
139,1138688,0.0009221862584235528,4.0249128341674805,4.752240180969238,8156
140,1146880,0.0009181673728412606,3.6484227180480957,4.642251014709473,8150
141,1155072,0.0009140576474687263,3.704559326171875,4.520679950714111,8151
142,1163264,0.0009098580963191908,3.080353021621704,4.358852386474609,8150
143,1171456,0.0009055697555690607,2.981914520263672,4.452996253967285,8155
144,1179648,0.0009011936833022483,2.466458559036255,4.199768543243408,8151
145,1187840,0.0008967309592491052,2.597923517227173,4.417365074157715,8152
146,1196032,0.000892182684520014,2.401278495788574,4.216766834259033,8151
147,1204224,0.0008875499813337069,3.2567296028137207,4.42555046081543,8152
148,1212416,0.0008828339927403745,3.035646438598633,4.241312026977539,8149
149,1220608,0.0008780358823396353,3.6489555835723877,4.218993663787842,8150
150,1228800,0.000873156833993435,2.835676431655884,4.180990695953369,8153
151,1236992,0.0008681980515339464,3.2765908241271973,4.018497467041016,8152
152,1245184,0.0008631607584665414,4.070573329925537,4.017858505249023,8150
153,1253376,0.0008580461976679099,3.2067086696624756,4.068654537200928,8152
154,1261568,0.0008528556310793981,3.553436756134033,4.020052433013916,8154
155,1269760,0.0008475903393956434,3.6186587810516357,4.016367435455322,8151
156,1277952,0.0008422516217485825,2.8184704780578613,3.863675832748413,8148
157,1286144,0.0008368407953869105,2.289125919342041,3.932551860809326,8153
158,1294336,0.0008313591953510675,3.2619287967681885,3.7997961044311523,8151
159,1302528,0.0008258081741438395,4.366420745849609,3.8439877033233643,8151
160,1310720,0.0008201891013966478,4.641336441040039,3.9331228733062744,8153
161,1318912,0.000814503363531613,2.7331600189208984,3.6386523246765137,8151
162,1327104,0.0008087523634194754,3.3656225204467773,3.663090229034424,8157
163,1335296,0.0008029375200334588,2.309652090072632,3.630807638168335,8150
164,1343488,0.0007970602680991593,2.514129161834717,3.5603158473968506,8155
165,1351680,0.0007911220577405485,3.065814971923828,3.6388707160949707,8151
166,1359872,0.000785124354122177,3.1137726306915283,3.663445472717285,8149
167,1368064,0.0007790686370876671,2.5251755714416504,3.74001145362854,8154
168,1376256,0.0007729564007945835,3.7895402908325195,3.552354097366333,8154
169,1384448,0.0007667891533457719,2.445709705352783,3.5371317863464355,8150
170,1392640,0.0007605684164172581,2.7499277591705322,3.504321813583374,8153
171,1400832,0.000754295724882796,2.908181667327881,3.456632137298584,8152
172,1409024,0.0007479726264351618,2.764099597930908,3.2072668075561523,8156
173,1417216,0.0007416006812042827,2.778615713119507,3.5544772148132324,8151
174,1425408,0.000735181461372299,2.901224136352539,3.3513917922973633,8151
175,1433600,0.0007287165507856513,2.3055472373962402,3.2681195735931396,8156
176,1441792,0.0007222075445642905,2.8433964252471924,3.1950159072875977,8153
177,1449984,0.0007156560487081052,2.3321869373321533,3.3202807903289795,8152
178,1458176,0.0007090636797006658,2.6464173793792725,3.171884059906006,8155
179,1466368,0.0007024320641103813,2.612842321395874,3.1950161457061768,8150
180,1474560,0.0006957628381891673,2.2019875049591064,3.2832250595092773,8150
181,1482752,0.0006890576474687264,1.9156153202056885,3.042302370071411,8153
182,1490944,0.0006823181463545368,3.1654515266418457,3.0097150802612305,8155
183,1499136,0.0006755459977176532,2.4248833656311035,3.0433478355407715,8154
184,1507328,0.0006687428724844179,2.2634379863739014,3.1779866218566895,8155
185,1515520,0.0006619104492241848,1.7149397134780884,2.9858627319335938,8151
186,1523712,0.0006550504137351575,3.025303363800049,3.1239123344421387,8156
187,1531904,0.0006481644586284443,2.2055552005767822,3.0223400592803955,8153
188,1540096,0.0006412542829104306,2.004474401473999,3.00585675239563,8150
189,1548288,0.0006343215915635762,2.3418385982513428,2.893231153488159,8150
190,1556480,0.0006273680951257343,2.533569574356079,2.8731958866119385,8154
191,1564672,0.000620395509268104,1.7260321378707886,2.8238041400909424,8151
192,1572864,0.0006134055543719122,2.013882637023926,2.7834486961364746,8155
193,1581056,0.000606399955103937,2.1481881141662598,2.907081365585327,8147
194,1589248,0.0005993804399909704,1.5264151096343994,2.991480588912964,8154
195,1597440,0.0005923487409933316,1.800947904586792,2.6921136379241943,8152
196,1605632,0.0005853065930775303,2.1597635746002197,2.7750868797302246,8152
197,1613824,0.0005782557337881911,2.5439889430999756,2.858071804046631,8154
198,1622016,0.0005711979028193392,1.4463623762130737,2.6528608798980713,8152
199,1630208,0.0005641348415851578,2.6175661087036133,2.816829204559326,8155
200,1638400,0.0005570682927903193,1.7084358930587769,2.497504711151123,8150
201,1646592,0.00055,1.5874320268630981,2.4804327487945557,8148
202,1654784,0.0005429317072096808,1.6716688871383667,2.5361673831939697,8152
203,1662976,0.0005358651584148423,1.3617351055145264,2.55304217338562,8148
204,1671168,0.0005288020971806609,1.4915395975112915,2.4600722789764404,8150
205,1679360,0.000521744266211809,1.9318838119506836,2.5591182708740234,8147
206,1687552,0.0005146934069224699,1.7892169952392578,2.4932689666748047,8153
207,1695744,0.0005076512590066686,1.9348671436309814,2.5489501953125,8157
208,1703936,0.0005006195600090296,1.2684152126312256,2.4219393730163574,8146
209,1712128,0.0004936000448960631,1.3218015432357788,2.4120283126831055,8148
210,1720320,0.0004865944456280878,1.6861953735351562,2.455321788787842,8152
211,1728512,0.000479604490731896,1.724265217781067,2.3581979274749756,8154
212,1736704,0.00047263190487426563,1.485079050064087,2.432788372039795,8151
213,1744896,0.0004656784084364238,1.3024933338165283,2.454317331314087,8152
214,1753088,0.0004587457170895695,1.306015968322754,2.4882278442382812,8152
215,1761280,0.00045183554137155597,1.792512059211731,2.245739221572876,8149
216,1769472,0.0004449495862648427,1.5604395866394043,2.3185787200927734,8154
217,1777664,0.0004380895507758154,1.6000066995620728,2.1951425075531006,8152
218,1785856,0.0004312571275155823,1.4891020059585571,2.287912130355835,8151
219,1794048,0.00042445400228234684,1.1506071090698242,2.2592251300811768,8152
220,1802240,0.0004176818536454633,1.2910479307174683,2.2235584259033203,8153
221,1810432,0.0004109423525312737,1.3811542987823486,2.2337253093719482,8148
222,1818624,0.00040423716181083285,1.3111790418624878,2.277191400527954,8154
223,1826816,0.0003975679358896189,1.1535329818725586,2.2022805213928223,8150
224,1835008,0.00039093632029933435,1.4337836503982544,2.026491165161133,8153
225,1843200,0.0003843439512918949,1.1572104692459106,2.1941134929656982,8154
226,1851392,0.0003777924554357096,1.0999629497528076,2.0253024101257324,8152
227,1859584,0.00037128344921434875,1.3996305465698242,2.2247984409332275,8153
228,1867776,0.000364818538627701,1.2465691566467285,2.1233069896698,8150
229,1875968,0.0003583993187957173,1.3429603576660156,1.999078392982483,8151
230,1884160,0.00035202737356483817,1.1000887155532837,2.0716359615325928,8154
231,1892352,0.00034570427511720393,1.37294602394104,2.0746543407440186,8150
232,1900544,0.00033943158358274204,1.0881649255752563,2.103010654449463,8155
233,1908736,0.0003332108466542281,1.669212818145752,2.1324918270111084,8151
234,1916928,0.0003270435992054166,1.2297813892364502,2.1568994522094727,8156
235,1925120,0.0003209313629123329,1.0969228744506836,1.968362808227539,8151
236,1933312,0.00031487564587782306,1.0847448110580444,1.9716236591339111,8147
237,1941504,0.0003088779422594514,1.0494320392608643,2.075662136077881,8152
238,1949696,0.0003029397319008406,1.3015779256820679,1.9984111785888672,8151
239,1957888,0.00029706247996654135,1.0616576671600342,1.942929744720459,8150
240,1966080,0.0002912476365805248,1.3550840616226196,1.939645528793335,8153
241,1974272,0.00028549663646838715,1.135464072227478,2.0309722423553467,8152
242,1982464,0.00027981089860335223,1.2334661483764648,1.8468623161315918,8150
243,1990656,0.00027419182585616066,1.1293416023254395,1.8851372003555298,8148
244,1998848,0.00026864080464893283,1.1375771760940552,1.8926359415054321,8153
245,2007040,0.0002631592046130896,1.0730165243148804,1.757928729057312,8154
246,2015232,0.0002577483782514174,1.016439437866211,1.8575024604797363,8149
247,2023424,0.00025240966060435674,0.9699448347091675,1.9328234195709229,8149
248,2031616,0.0002471443689206021,1.0133013725280762,2.001023054122925,8154
249,2039808,0.00024195380233209008,0.9159660935401917,1.8049180507659912,8152
250,2048000,0.00023683924153345857,0.8119889497756958,1.8281906843185425,8148
251,2056192,0.00023180194846605365,0.9547658562660217,1.9187841415405273,8158
252,2064384,0.00022684316600656506,1.089747667312622,1.7870296239852905,8152
253,2072576,0.0002219641176603649,1.1412254571914673,1.7712507247924805,8156
254,2080768,0.0002171660072596256,1.0604807138442993,1.7957112789154053,8151
255,2088960,0.0002124500186662932,0.994778037071228,1.8688808679580688,8152
256,2097152,0.00020781731547998608,0.9828518033027649,1.9730396270751953,8157
257,2105344,0.00020326904075089488,1.0210059881210327,1.8393213748931885,8148
258,2113536,0.0001988063166977516,0.8271316289901733,1.8821784257888794,8151
259,2121728,0.00019443024443093932,1.0804961919784546,1.842389464378357,8155
260,2129920,0.00019014190368080923,0.8217640519142151,1.7794255018234253,8153
261,2138112,0.00018594235253127368,0.9574735760688782,1.7554703950881958,8155
262,2146304,0.00018183262715873937,0.7858512997627258,1.7540699243545532,8147
263,2154496,0.00017781374157644714,1.0758379697799683,1.8717397451400757,8154
264,2162688,0.00017388668738427848,0.8560829758644104,1.7042006254196167,8153
265,2170880,0.00017005243352409332,0.8787065148353577,1.724927544593811,8150
266,2179072,0.00016631192604065853,0.8967629671096802,1.664376139640808,8153
267,2187264,0.00016266608784822542,0.8042764663696289,1.8434125185012817,8150
268,2195456,0.000159115818502814,0.8516310453414917,1.7998207807540894,8153
269,2203648,0.0001556619939802615,0.8020809292793274,1.7284573316574097,8155
270,2211840,0.00015230546646008794,0.7837657332420349,1.615975260734558,8151
271,2220032,0.0001490470641152345,0.836333155632019,1.7426799535751343,8151
272,2228224,0.00014588759090772302,0.8780587315559387,1.7298054695129395,8151
273,2236416,0.0001428278263902913,0.8064022660255432,1.735033392906189,8149
274,2244608,0.00013986852551404962,1.062175989151001,1.773749589920044,8152
275,2252800,0.0001370104184422085,0.8916646838188171,1.7075920104980469,8154
276,2260992,0.00013425421036992097,0.8825477361679077,1.6044613122940063,8154
277,2269184,0.0001316005813502869,0.7990407347679138,1.6393697261810303,8150
278,2277376,0.00012905018612655974,0.9369345307350159,1.6791365146636963,8153
279,2285568,0.00012660365397059855,0.7525955438613892,1.8054553270339966,8154
280,2293760,0.00012426158852760463,0.9268427491188049,1.6765979528427124,8148
281,2301952,0.00012202456766718092,0.7497522234916687,1.6721906661987305,8153
282,2310144,0.00011989314334075144,0.7618756890296936,1.5949797630310059,8154
283,2318336,0.00011786784144537563,0.7807835340499878,1.615265965461731,8154
284,2326528,0.00011594916169399086,0.7424282431602478,1.6429741382598877,8152
285,2334720,0.00011413757749211603,0.8453999161720276,1.5719245672225952,8156
286,2342912,0.00011243353582104556,0.8247795104980469,1.6148345470428467,8153
287,2351104,0.00011083745712756366,0.7698156833648682,1.4695172309875488,8154
288,2359296,0.00010934973522020537,0.7932032942771912,1.5489847660064697,8153
289,2367488,0.00010797073717209013,0.7135759592056274,1.5778647661209106,8152
290,2375680,0.00010670080323035177,0.8369367122650146,1.6214473247528076,8154
291,2383872,0.00010554024673218806,0.7000191807746887,1.4954880475997925,8148
292,2392064,0.00010448935402754912,0.8119203448295593,1.5068875551223755,8155
293,2400256,0.00010354838440848502,0.6642858982086182,1.5709693431854248,8151
294,2408448,0.00010271757004516919,0.8174641728401184,1.488737940788269,8150
295,2416640,0.000101997115928614,0.8240180015563965,1.6360409259796143,8152
296,2424832,0.00010138719982009242,0.9207496047019958,1.5945055484771729,8150
297,2433024,0.0001008879722072778,0.8316167593002319,1.5713313817977905,8149
298,2441216,0.00010049955626711355,1.0273493528366089,1.5345425605773926,8150
299,2449408,0.00010022204783542078,0.8686822056770325,1.5457813739776611,8151
300,2457600,0.00010005551538325273,0.869902491569519,1.4090216159820557,8150
